City ID,City,Cloudiness,Country,Date,Humidity,Lat,Lng,Max Temp,Wind Speed
0,Bredasdorp,93,ZA,1584987834,77,-34.53,20.04,64.99,2.24
1,Yermakovskoye,100,RU,1584987834,84,53.28,92.4,15.55,8.77
2,Punta Arenas,100,CL,1584987803,77,-53.15,-70.92,62.01,20.8
3,Senftenberg,0,DE,1584987835,40,51.52,14.02,37.4,6.93
4,Rocha,0,UY,1584987835,38,-34.48,-54.33,83.05,9.15
5,Chokurdakh,26,RU,1584987835,99,70.63,147.92,-14.87,6.67
6,Salalah,34,OM,1584987835,39,17.02,54.09,82.4,12.75
7,Jamestown,90,US,1584987723,75,42.1,-79.24,42.8,9.17
8,Khatanga,75,RU,1584987836,99,71.97,102.5,-22.61,9.8
9,Berdigestyakh,100,RU,1584987836,93,62.1,126.7,33.01,11.16
10,Kaitangata,84,NZ,1584987836,82,-46.28,169.85,41.0,1.99
11,Mataura,100,NZ,1584987836,87,-46.19,168.86,46.99,11.99
12,Codrington,100,AU,1584987836,65,-38.27,141.97,57.67,10.56
13,Albany,90,US,1584987662,80,42.6,-73.97,35.6,6.93
14,Hermanus,100,ZA,1584987836,80,-34.42,19.23,68.0,1.01
15,Port Elizabeth,20,ZA,1584987836,93,-33.92,25.57,66.2,11.41
16,Innisfail,81,AU,1584987836,91,-17.53,146.03,74.05,7.92
17,Atuona,66,PF,1584987836,79,-9.8,-139.03,81.97,12.28
18,Talnakh,90,RU,1584987836,84,69.49,88.4,-0.4,33.55
19,Sumkino,27,RU,1584987836,91,58.11,68.32,15.37,3.94
20,Hobart,65,AU,1584987618,92,-42.88,147.33,43.0,5.99
21,Korem,55,ET,1584987837,93,12.51,39.52,60.37,4.59
22,Emet,100,TR,1584987837,92,39.34,29.26,45.25,3.98
23,Busselton,54,AU,1584987837,39,-33.65,115.33,66.99,11.83
24,Kapaa,90,US,1584987766,83,22.08,-159.32,71.6,18.34
25,Longyearbyen,40,SJ,1584987837,85,78.22,15.64,14.0,10.29
26,Mahébourg,75,MU,1584987837,94,-20.41,57.7,79.0,6.93
27,Burnie,0,AU,1584987837,85,-41.07,145.92,46.99,7.0
28,Butaritari,19,KI,1584987837,76,3.07,172.79,83.77,16.78
29,Kavieng,100,PG,1584987597,71,-2.57,150.8,82.51,2.13
30,Vaini,20,TO,1584987606,94,-21.2,-175.2,75.2,3.36
31,George Town,20,MY,1584987646,83,5.41,100.34,84.2,2.04
32,Ushuaia,75,AR,1584987837,59,-54.8,-68.3,62.6,3.15
33,Puerto Ayora,40,EC,1584987837,74,-0.74,-90.35,82.4,12.75
34,Port Alfred,66,ZA,1584987837,92,-33.59,26.89,68.0,9.69
35,Imeni Poliny Osipenko,1,RU,1584987837,81,52.42,136.49,14.11,1.23
36,Ribeira Grande,52,PT,1584987563,77,38.52,-28.7,54.25,11.27
37,Te Anau,97,NZ,1584987838,93,-45.42,167.72,38.05,4.07
38,Bluff,85,NZ,1584987838,87,-46.6,168.33,46.99,11.99
39,Yellowknife,40,CA,1584987838,59,62.46,-114.35,3.2,25.28
40,Qaanaaq,100,GL,1584987838,68,77.48,-69.36,-0.47,3.22
41,Nikolskoye,8,RU,1584987838,50,59.7,30.79,30.2,2.24
42,Barra do Garças,40,BR,1584987735,59,-15.89,-52.26,89.6,4.7
43,Pucallpa,85,PE,1584987838,54,-8.38,-74.55,90.79,3.62
44,Tasiilaq,49,GL,1584987838,86,65.61,-37.64,28.4,3.67
45,Meulaboh,26,ID,1584987626,70,4.14,96.13,84.31,3.69
46,Marand,40,IR,1584987838,85,38.43,45.77,46.4,4.7
47,Hofn,90,IS,1584987838,69,64.25,-15.21,39.2,26.4
48,Lüderitz,0,NA,1584987838,68,-26.65,15.16,69.8,21.92
49,Belyy Yar,100,RU,1584987838,62,53.6,91.39,23.0,11.18
50,Houma,40,US,1584987815,65,29.6,-90.72,86.0,12.75
51,East London,49,ZA,1584987838,94,-33.02,27.91,69.8,6.93
52,Haines Junction,34,CA,1584987838,93,60.75,-137.51,4.75,4.23
53,Gizo Government Station,100,SB,1584987838,88,-8.1,156.84,75.67,3.18
54,Thompson,75,CA,1584987839,57,55.74,-97.86,23.0,9.17
55,Faanui,53,PF,1584987839,65,-16.48,-151.75,83.05,1.16
56,San Patricio,20,MX,1584987839,74,19.22,-104.7,84.2,11.41
57,Barrow,90,US,1584987839,84,71.29,-156.79,3.2,8.05
58,Vila Franca do Campo,75,PT,1584987839,62,37.72,-25.43,59.0,12.75
59,Dikson,100,RU,1584987839,96,73.51,80.55,26.53,17.92
60,Port Hardy,90,CA,1584987768,93,50.7,-127.42,39.2,1.83
61,Nanortalik,4,GL,1584987839,56,60.14,-45.24,27.07,38.32
62,Taoudenni,0,ML,1584987839,8,22.68,-3.98,83.77,12.75
63,Portobelo,40,PA,1584987839,41,9.55,-79.65,95.0,10.29
64,Torbay,5,CA,1584987839,42,47.67,-52.73,35.01,24.16
65,Cape Town,82,ZA,1584987766,72,-33.93,18.42,68.0,14.99
66,Mount Gambier,100,AU,1584987839,87,-37.83,140.77,46.4,3.2
67,Rikitea,97,PF,1584987840,75,-23.12,-134.97,77.83,2.35
68,Vila Velha,90,BR,1584987840,73,-20.33,-40.29,80.01,9.17
69,Svetlaya,58,RU,1584987840,63,46.54,138.33,28.33,7.11
70,La Vergne,90,US,1584987627,87,36.02,-86.58,57.99,9.17
71,Rongcheng,57,CN,1584987840,78,30.63,117.85,53.35,2.19
72,Airai,68,TL,1584987840,78,-8.93,125.41,63.97,3.67
73,Saint-Philippe,40,RE,1584987840,74,-21.36,55.77,80.6,24.16
74,Russell,90,US,1584987840,83,32.35,-85.2,78.01,6.08
75,Calama,0,CL,1584987840,26,-22.47,-68.93,71.6,17.22
76,Bubaque,100,GW,1584987747,78,11.28,-15.83,76.75,21.65
77,Solnechnyy,9,RU,1584987840,76,50.72,136.63,15.91,5.77
78,Fortuna,90,US,1584987840,76,40.6,-124.16,51.01,3.78
79,Lata,40,PT,1584987840,72,40.16,-8.33,64.0,10.29
80,Vadsø,94,NO,1584987841,64,70.07,29.75,37.4,14.99
81,Marzuq,76,YE,1584987841,52,14.4,46.47,77.65,6.35
82,Bilibino,100,RU,1584987841,96,68.05,166.44,11.59,3.4
83,Geraldton,0,AU,1584987841,34,-28.77,114.6,82.4,18.34
84,Lebu,99,CL,1584987841,75,-37.62,-73.65,62.17,13.47
85,Taseyevo,65,RU,1584987841,83,57.22,94.9,9.43,7.36
86,Shingū,0,JP,1584987798,59,33.73,135.98,48.13,12.28
87,Kimberley,41,ZA,1584987841,82,-28.73,24.76,68.0,4.7
88,Half Moon Bay,90,US,1584987579,87,37.46,-122.43,59.0,8.05
89,Garissa,94,KE,1584987841,44,-0.45,39.64,89.89,16.06
90,Blagoyevo,60,RU,1584987841,90,63.37,47.92,21.13,6.91
91,Pevek,80,RU,1584987841,83,69.7,170.31,13.93,13.56
92,Kyaikto,0,MM,1584987841,60,17.3,97.02,70.99,2.91
93,Tsaratanana,14,MG,1584987841,87,-16.78,47.65,68.83,7.05
94,Tuatapere,97,NZ,1584987841,87,-46.13,167.68,46.99,11.99
95,Cockburn Town,40,TC,1584987588,61,21.46,-71.14,80.6,13.87
96,Fukuechō,0,JP,1584987842,58,32.69,128.84,57.2,17.22
97,Emden,0,DE,1584987842,38,53.37,7.22,44.01,6.93
98,São Filipe,3,CV,1584987715,74,14.9,-24.5,69.01,17.11
99,Umluj,0,SA,1584987842,27,25.02,37.27,70.99,3.42
100,Chui,30,UY,1584987644,56,-33.7,-53.46,79.63,9.71
101,Miandrivazo,30,MG,1584987842,85,-19.52,45.47,77.83,1.81
102,Saint Anthony,75,US,1584987842,54,45.02,-93.22,45.0,3.8
103,Seoul,1,KR,1584987842,75,37.57,126.98,44.6,1.54
104,Hilo,90,US,1584987803,83,19.73,-155.09,69.8,5.82
105,Port Blair,0,IN,1584987842,62,11.67,92.75,81.79,6.06
106,Bambous Virieux,75,MU,1584987842,94,-20.34,57.76,79.0,6.93
107,Exu,20,BR,1584987842,49,-7.51,-39.72,89.6,2.71
108,Touros,40,BR,1584987842,62,-5.2,-35.46,89.6,12.75
109,Gemeente Oss,0,NL,1584987842,30,51.75,5.53,48.2,6.93
110,Shimoda,33,JP,1584987842,97,34.67,138.95,42.01,4.0
111,Oistins,40,BB,1584987842,55,13.07,-59.53,86.0,23.04
112,Ostrovnoy,87,RU,1584987843,88,68.05,39.51,30.13,23.87
113,Khani,40,GE,1584987843,71,41.96,42.96,51.8,2.24
114,Pacific Grove,90,US,1584987577,82,36.62,-121.92,61.0,5.82
115,Isangel,35,VU,1584987843,83,-19.55,169.27,77.47,17.85
116,Januária,43,BR,1584987843,77,-15.48,-44.37,81.61,5.73
117,Quirinópolis,69,BR,1584987843,74,-18.45,-50.45,80.71,5.28
118,Carnarvon,44,AU,1584987843,74,-24.87,113.63,82.4,8.05
119,Anadyr,79,RU,1584987697,86,64.75,177.48,30.2,11.18
120,Keti Bandar,100,PK,1584987843,82,24.14,67.45,75.31,9.13
121,Alice Springs,11,AU,1584987843,38,-23.7,133.88,73.4,6.93
122,Kruisfontein,35,ZA,1584987844,88,-34.0,24.73,65.41,8.46
123,Traverse City,90,US,1584987844,64,44.76,-85.62,39.2,3.36
124,Ninghai,79,CN,1584987844,87,29.29,121.42,57.99,2.24
125,Guerrero Negro,77,MX,1584987844,64,27.98,-114.06,66.85,18.12
126,Tiksi,100,RU,1584987844,99,71.69,128.87,-3.89,8.41
127,Mykolayiv,96,UA,1584987844,62,46.97,32.0,35.01,17.67
128,Thinadhoo,73,MV,1584987844,71,0.53,72.93,84.85,8.79
129,Lac du Bonnet,7,CA,1584987637,83,50.25,-96.06,33.91,5.77
130,Tautira,40,PF,1584987621,70,-17.73,-149.15,84.2,3.36
131,Peñablanca,28,PH,1584987845,94,17.62,121.79,64.69,3.47
132,Los Llanos de Aridane,40,ES,1584987845,63,28.66,-17.92,66.2,21.92
133,Yar-Sale,100,RU,1584987845,81,66.83,70.83,24.37,22.12
134,Pangnirtung,90,CA,1584987845,84,66.15,-65.71,6.8,1.99
135,Dekar,33,BW,1584987845,66,-21.53,21.93,72.79,8.81
136,Virginia Beach,90,US,1584987668,87,36.85,-75.98,55.4,8.05
137,Norman Wells,5,CA,1584987739,76,65.28,-126.83,-5.8,8.05
138,Nara,1,JP,1584987845,71,34.69,135.8,46.99,18.34
139,Hoi An,20,VN,1584987845,88,15.88,108.33,75.2,2.24
140,Upernavik,100,GL,1584987845,86,72.79,-56.15,-2.81,11.68
141,Baracoa,18,CU,1584987845,76,20.35,-74.5,77.47,14.36
142,Ponta do Sol,75,PT,1584987845,72,32.67,-17.1,62.6,14.99
143,Avarua,97,CK,1584987845,94,-21.21,-159.78,78.8,5.82
144,Provideniya,96,RU,1584987845,99,64.38,-173.3,25.63,10.71
145,Marinette,90,US,1584987846,69,45.1,-87.63,39.0,4.7
146,Leningradskiy,66,RU,1584987635,74,69.38,178.42,13.57,4.9
147,Cayenne,75,GF,1584987846,66,4.93,-52.33,84.2,8.05
148,Bozeman,1,US,1584987846,31,45.68,-111.04,50.0,3.36
149,Eyl,53,SO,1584987732,78,7.98,49.82,82.87,11.5
150,Dwārka,65,IN,1584987846,73,22.24,68.97,77.65,13.78
151,Mălureni,100,RO,1584987846,83,45.1,24.8,31.57,18.28
152,San Cristobal,40,VE,1584987793,55,7.77,-72.22,86.0,8.05
153,Constitución,1,CL,1584987846,60,-35.33,-72.42,65.77,10.98
154,Cidreira,0,BR,1584987846,74,-30.18,-50.21,74.59,21.65
155,Olafsvik,97,IS,1584987846,87,64.89,-23.71,35.89,12.39
156,Dudinka,90,RU,1584987847,84,69.41,86.18,-0.4,33.55
157,Bac Lieu,0,VN,1584987576,87,9.29,105.72,75.49,4.03
158,Saldanha,62,ZA,1584987847,72,-33.01,17.94,64.4,9.17
159,Forsytheganj,24,BY,1584987847,58,52.63,29.73,27.43,7.4
160,Castro,0,BR,1584987847,34,-24.79,-50.01,77.29,3.13
161,Lavrentiya,100,RU,1584987847,93,65.58,-171.0,27.43,13.87
162,Vaitape,53,PF,1584987624,65,-16.52,-151.75,83.05,1.16
163,North Bend,90,US,1584987847,93,43.41,-124.22,48.0,8.05
164,Coyhaique,40,CL,1584987644,59,-45.58,-72.07,64.4,9.17
165,Lompoc,75,US,1584987847,67,34.64,-120.46,62.01,5.79
166,Turaif,40,SA,1584987588,36,31.67,38.66,62.6,6.93
167,Pemangkat,100,ID,1584987847,89,1.17,108.97,76.57,5.46
168,São João da Barra,40,BR,1584987587,51,-21.64,-41.05,82.4,11.41
169,Vanimo,100,PG,1584987847,79,-2.67,141.3,81.79,8.97
170,Del Rio,90,US,1584987847,77,29.36,-100.9,69.8,4.7
171,Launceston,0,AU,1584987847,86,-41.45,147.17,43.0,0.65
172,Mahibadhoo,7,MV,1584987800,73,3.78,72.97,83.41,8.59
173,Aykhal,90,RU,1584987847,76,66.0,111.5,-9.4,13.42
174,Martapura,100,ID,1584987848,98,-3.42,114.85,72.61,3.29
175,Mīrābād,18,AF,1584987848,36,30.44,61.84,63.79,24.47
176,New Norfolk,12,AU,1584987848,71,-42.78,147.06,43.0,2.59
177,Lukhovitsy,61,RU,1584987848,39,54.97,39.04,21.99,3.0
178,La Macarena,77,CO,1584987848,27,2.18,-73.78,99.07,6.49
179,Dulce Nombre de Culmí,6,HN,1584987848,32,15.1,-85.53,85.39,6.02
180,Walvis Bay,0,NA,1584987848,72,-22.96,14.51,66.2,8.05
181,Bonavista,0,CA,1584987848,49,48.65,-53.11,34.0,14.0
182,Matara,27,LK,1584987848,85,5.95,80.54,75.13,5.23
183,Puerto Baquerizo Moreno,40,EC,1584987584,70,-0.9,-89.6,84.2,12.75
184,Sambava,2,MG,1584987848,95,-14.27,50.17,72.25,1.66
185,Lincoln,90,US,1584987554,87,40.8,-96.67,48.2,9.17
186,Najrān,5,SA,1584987849,31,17.49,44.13,73.4,4.7
187,Kloulklubed,90,PW,1584987849,94,7.04,134.26,77.0,4.7
188,Blackwater,11,AU,1584987849,83,-23.58,148.88,70.27,12.06
189,Laguna,20,US,1584987849,71,38.42,-121.42,62.6,9.17
190,Burnham,90,US,1584987849,80,41.64,-87.56,39.99,3.29
191,Samarai,100,PG,1584987802,89,-10.62,150.67,78.01,4.23
192,Souillac,75,MU,1584987849,94,-20.52,57.52,79.0,6.93
193,Kalawit,0,PH,1584987849,87,8.07,122.52,74.23,4.81
194,Kenai,1,US,1584987849,78,60.55,-151.26,28.0,3.36
195,Ust-Nera,37,RU,1584987849,100,64.57,143.2,-14.69,2.53
196,Ugoofaaru,40,MV,1584987849,71,5.67,73.0,83.59,7.81
197,Arequipa,40,PE,1584987636,67,-16.4,-71.53,62.6,10.29
198,Ixtapa,5,MX,1584987849,65,20.7,-105.2,80.6,8.05
199,Biloli,1,IN,1584987849,38,18.77,77.73,81.97,6.87
200,Gaoyou,0,CN,1584987850,56,32.79,119.43,53.01,6.08
201,Avera,90,US,1584987717,83,33.19,-82.53,62.6,4.7
202,Cabo San Lucas,5,MX,1584987829,47,22.89,-109.91,86.0,5.82
203,Tuktoyaktuk,20,CA,1584987850,76,69.45,-133.04,-11.2,4.7
204,Kralendijk,45,BQ,1584987850,62,12.15,-68.27,86.0,18.34
205,Morón,0,AR,1584987850,30,-34.65,-58.62,91.0,12.75
206,Saskylakh,67,RU,1584987850,96,71.92,114.08,-28.37,10.76
207,The Valley,40,AI,1584987566,61,18.22,-63.06,84.2,14.99
208,Mbini,40,GQ,1584987850,100,1.57,9.61,82.4,13.91
209,Nome,90,US,1584987833,95,64.5,-165.41,32.0,4.7
210,Iqaluit,75,CA,1584987850,66,63.75,-68.51,15.8,12.75
211,Tanete,96,ID,1584987850,97,-3.94,119.78,74.05,1.57
212,Paamiut,0,GL,1584987850,68,61.99,-49.67,16.45,17.16
213,Pangkalanbuun,74,ID,1584987850,97,-2.68,111.62,72.79,1.52
214,Vega de Alatorre,1,MX,1584987850,80,20.03,-96.63,77.47,20.29
215,Bathsheba,40,BB,1584987850,55,13.22,-59.52,86.0,23.04
216,Tabou,100,CI,1584987851,96,4.42,-7.35,71.71,4.65
217,Birao,1,CF,1584987851,10,10.28,22.79,87.73,5.88
218,Severo-Kuril'sk,100,RU,1584987851,95,50.68,156.12,31.03,9.78
219,Adré,11,TD,1584987851,14,13.47,22.2,75.67,1.45
220,Bowmore,90,US,1584987851,81,34.94,-79.3,54.0,2.17
221,Buraidah,0,SA,1584987851,15,26.33,43.98,62.6,2.24
222,Buchanan,75,LR,1584987851,83,5.88,-10.05,80.6,6.93
223,Baturaja,100,ID,1584987851,91,-4.13,104.17,72.97,2.57
224,Presidencia Roque Sáenz Peña,0,AR,1584987768,22,-26.79,-60.44,96.91,7.27
225,Mount Isa,56,AU,1584987851,36,-20.73,139.5,80.6,8.05
226,Coquimbo,20,CL,1584987851,72,-29.95,-71.34,66.2,16.11
227,Jiménez,40,MX,1584987851,5,28.33,-105.4,82.4,14.99
228,Havelock,90,US,1584987851,68,34.88,-76.9,68.0,16.11
229,Iquitos,75,PE,1584987851,100,-3.75,-73.25,42.8,3.36
230,La Providencia,5,MX,1584987851,29,28.72,-111.58,79.0,6.69
231,Lorengau,98,PG,1584987851,68,-2.02,147.27,84.49,4.52
232,Kenora,36,CA,1584987843,80,49.82,-94.43,32.0,18.34
233,Tura,84,IN,1584987818,52,25.52,90.22,73.87,3.94
234,Tiruchirappalli,20,IN,1584987852,83,10.82,78.68,82.4,9.17
235,Orda,0,RU,1584987852,81,57.2,56.91,16.63,8.93
236,Ketchikan,1,US,1584987852,56,55.34,-131.65,44.6,18.34
237,Saint Paul Harbor,1,US,1584987852,45,57.79,-152.41,44.6,13.87
238,San Ramon,90,US,1584987563,76,37.78,-121.98,59.0,12.75
239,Ust'-Kulom,34,RU,1584987852,91,61.69,53.69,19.87,7.09
240,Chambéry,4,FR,1584987852,78,45.57,5.93,55.0,18.34
241,Casper,20,US,1584987716,29,42.87,-106.31,52.0,19.46
242,Raudeberg,75,NO,1584987852,74,61.99,5.14,50.0,40.26
243,Saint-Augustin,0,CA,1584987852,68,51.23,-58.65,26.35,18.54
244,Zhigansk,100,RU,1584987852,95,66.77,123.37,16.81,10.67
245,Iskateley,100,RU,1584987852,88,67.68,53.15,28.69,20.15
246,Lerwick,90,GB,1584987852,81,60.15,-1.15,44.6,28.86
247,Katherine,87,AU,1584987853,78,-14.47,132.27,77.0,6.93
248,Ruteng,67,ID,1584987853,93,-8.61,120.47,67.21,2.62
249,Virden,90,US,1584987853,93,39.5,-89.77,39.99,5.82
250,Pisco,16,PE,1584987697,30,-13.7,-76.22,75.99,20.8
251,Chino Valley,75,US,1584987853,50,34.76,-112.45,57.99,16.11
252,Sapa,34,PH,1584987853,66,5.15,120.32,83.23,0.98
253,Doha,0,QA,1584987853,48,25.29,51.53,66.2,14.99
254,Jalu,0,LY,1584987853,52,29.03,21.55,67.93,15.88
255,Sakakah,26,SA,1584987853,14,29.97,40.21,62.6,1.07
256,Bethel,90,US,1584987853,86,41.37,-73.41,39.99,14.99
257,Saint George,90,US,1584987757,87,37.1,-113.58,46.4,12.75
258,Saýat,75,TM,1584987628,48,38.78,63.88,60.8,4.7
259,Eilat,100,IL,1584987853,42,29.56,34.95,68.0,17.22
260,Lubango,75,AO,1584987853,91,-14.92,13.49,69.8,4.7
261,Grand Gaube,75,MU,1584987853,94,-20.01,57.66,79.0,6.93
262,Progreso,5,MX,1584987853,31,21.28,-89.67,91.99,6.93
263,Kununurra,81,AU,1584987853,83,-15.77,128.73,75.2,0.04
264,Deputatsky,3,RU,1584987853,97,69.3,139.9,-12.17,1.05
265,Srednekolymsk,51,RU,1584987854,91,67.45,153.68,-7.67,6.15
266,La Ronge,40,CA,1584987615,57,55.1,-105.28,23.0,10.29
267,Krasnosel'kup,43,RU,1584987854,91,65.7,82.47,0.43,19.93
268,Santa María Visitación,20,GT,1584987854,49,14.72,-91.32,91.4,6.93
269,Tomatlán,0,MX,1584987854,33,19.93,-105.25,92.23,5.06
270,Golakganj,11,IN,1584987854,53,26.1,89.83,74.95,6.58
271,Dunedin,97,NZ,1584987854,81,-45.87,170.5,44.01,3.0
272,Waipawa,99,NZ,1584987638,54,-41.41,175.52,53.6,32.21
273,Ginda,67,IN,1584987854,59,30.69,78.49,51.73,5.12
274,Pakokku,1,MM,1584987824,43,21.33,95.1,70.63,3.96
275,Vikhorevka,30,RU,1584987854,53,56.12,101.16,21.2,11.18
276,Kyra,77,RU,1584987854,86,49.58,111.98,30.49,6.02
277,Yangi Marg`ilon,100,UZ,1584987803,51,40.43,71.72,60.8,4.7
278,Korla,49,CN,1584987854,44,41.76,86.15,41.65,3.83
279,Le Port,68,RE,1584987854,78,-20.94,55.29,80.6,19.46
280,Antofagasta,86,CL,1584987561,64,-23.65,-70.4,69.8,16.11
281,Miami,75,US,1584987604,58,25.77,-80.19,84.99,11.41
282,Gimli,73,CA,1584987855,90,50.63,-96.99,28.51,9.89
283,Honiara,40,SB,1584987855,94,-9.43,159.95,75.2,2.24
284,Cerrito,40,CO,1584987855,54,6.84,-72.69,82.4,5.82
285,Champerico,20,GT,1584987855,49,14.3,-91.92,91.4,6.93
286,Burē,41,ET,1584987855,16,10.7,37.07,72.43,8.7
287,Contamana,92,PE,1584987855,63,-7.33,-75.02,87.19,3.62
288,Alvorada,71,BR,1584987855,64,-12.48,-49.12,86.65,4.56
289,Pyaozerskiy,75,RU,1584987855,84,65.83,31.17,29.05,12.5
290,Lawrenceburg,90,US,1584987762,76,38.04,-84.9,57.99,3.36
291,Mujiayingzi,0,CN,1584987855,43,42.12,118.78,40.93,4.74
292,Troitskoye,63,RU,1584987855,87,52.98,84.68,9.43,4.18
293,Xuchang,0,CN,1584987855,54,34.02,113.82,55.4,4.47
294,Linxia Chengguanzhen,2,CN,1584987855,52,35.6,103.21,40.93,2.73
295,Carutapera,0,BR,1584987855,75,-1.2,-46.02,83.23,12.41
296,Wad Rāwah,2,SD,1584987855,10,15.16,33.14,82.33,9.93
297,Batticaloa,1,LK,1584987855,90,7.71,81.69,71.53,2.55
298,Tilichiki,100,RU,1584987856,92,60.47,166.1,27.07,5.66
299,Pestovo,0,RU,1584987856,43,58.59,35.8,26.17,1.66
300,Klaksvík,100,FO,1584987856,86,62.23,-6.59,39.2,18.34
301,Andreapol',0,RU,1584987856,47,56.65,32.27,25.81,3.49
302,Hambantota,29,LK,1584987856,77,6.12,81.12,80.53,11.27
303,Salinópolis,0,BR,1584987856,72,-0.61,-47.36,83.05,9.89
304,Sola,100,VU,1584987856,79,-13.88,167.55,81.97,14.32
305,Aldan,100,RU,1584987856,94,58.6,125.39,22.03,11.68
306,Luganville,89,VU,1584987856,95,-15.53,167.17,70.45,0.56
307,Waingapu,89,ID,1584987856,72,-9.66,120.26,84.13,11.79
308,Cherskiy,99,RU,1584987856,95,68.75,161.3,13.57,5.68
309,Kahului,40,US,1584987592,78,20.89,-156.47,71.6,16.11
310,Jesup,90,US,1584987740,78,31.61,-81.89,80.01,4.7
311,Arraial do Cabo,40,BR,1584987856,57,-22.97,-42.03,80.6,11.41
312,Adrar,1,MR,1584987856,12,20.5,-10.07,78.73,18.97
313,Rawlins,1,US,1584987856,36,41.79,-107.24,46.4,19.46
314,Maumere,65,ID,1584987857,80,-8.62,122.21,75.67,5.61
315,Kem',15,RU,1584987665,81,64.96,34.58,29.41,13.31
316,West Monroe,90,US,1584987857,82,32.52,-92.15,62.6,10.29
317,Pātūr,32,IN,1584987857,18,20.45,76.93,87.19,0.83
318,Nur,0,PL,1584987857,49,52.67,22.32,28.33,6.91
319,Vadakku Valliyūr,4,IN,1584987857,88,8.38,77.65,73.51,1.99
320,Farah,80,AF,1584987857,35,32.5,62.5,63.07,10.18
321,Lilongwe,45,MW,1584987857,95,-13.97,33.79,66.13,1.48
322,Sabang,64,ID,1584987857,68,5.89,95.32,83.95,7.92
323,George,75,ZA,1584987654,82,-33.96,22.46,64.4,2.24
324,Karasburg,48,NA,1584987857,20,-28.02,18.75,85.57,12.71
325,Wainwright,99,CA,1584987857,95,52.84,-110.86,26.35,15.28
326,Iralaya,40,HN,1584987857,70,15.0,-83.23,87.8,11.41
327,Urubichá,48,BO,1584987724,45,-15.38,-62.95,92.41,4.41
328,Huanren,0,CN,1584987857,63,41.26,125.37,31.75,1.59
329,Susaki,0,JP,1584987858,54,33.37,133.28,47.59,5.61
330,Karratha,28,AU,1584987858,74,-20.74,116.85,85.21,12.48
331,Mareeba,75,AU,1584987858,78,-17.0,145.43,78.8,12.75
332,Ilulissat,75,GL,1584987858,72,69.22,-51.1,12.2,14.99
333,Kumul,17,CN,1584987858,34,42.8,93.45,50.83,4.29
334,Isetskoye,39,RU,1584987858,82,56.49,65.32,15.73,3.09
335,Hamilton,90,US,1584987858,66,39.18,-84.53,54.0,10.29
336,Vardø,100,NO,1584987768,64,70.37,31.11,37.4,14.99
337,Songjianghe,0,CN,1584987858,79,42.19,127.48,21.67,3.53
338,Pahrump,90,US,1584987858,66,36.21,-115.98,59.0,13.87
339,Bourail,70,NC,1584987858,91,-21.57,165.48,68.29,0.43
340,Caravelas,49,BR,1584987858,73,-17.71,-39.25,79.81,26.04
341,Minna,40,NG,1584987779,47,9.61,6.56,96.8,11.41
342,Alexandria,67,EG,1584987694,63,31.22,29.96,64.4,6.93
343,Krasnoturansk,0,RU,1584987723,62,54.32,91.56,23.0,11.18
344,Comodoro Rivadavia,40,AR,1584987859,28,-45.87,-67.5,80.6,26.4
345,Ancud,90,CL,1584987859,100,-41.87,-73.82,59.0,16.11
346,Arman',100,RU,1584987859,96,59.7,150.17,22.21,6.93
347,Ouro Preto do Oeste,41,BR,1584987859,66,-10.75,-62.22,87.55,3.27
348,Lira,92,UG,1584987859,75,2.23,32.91,69.37,0.92
349,Northam,21,GB,1584987859,75,51.03,-4.22,50.0,10.29
350,Srīvardhan,0,IN,1584987859,73,18.03,73.02,77.47,5.21
351,Mirny,75,RU,1584987859,73,62.54,113.96,19.4,22.37
352,Bengkulu,100,ID,1584987602,94,-3.8,102.27,73.51,3.09
353,Mezen',97,RU,1584987859,87,65.85,44.24,27.07,12.73
354,Chapais,1,CA,1584987859,50,49.78,-74.85,28.4,19.46
355,Chaman,1,PK,1584987859,74,30.92,66.45,56.05,13.11
356,Tahe,30,CN,1584987860,90,52.33,124.73,21.85,3.56
357,Syracuse,90,IT,1584987860,81,37.09,15.28,53.6,5.82
358,St. George's,20,GD,1584987705,58,12.06,-61.75,86.0,23.04
359,Sibolga,90,ID,1584987860,94,1.74,98.78,71.53,2.91
360,Conceição das Alagoas,75,BR,1584987860,51,-19.91,-48.39,82.4,8.05
361,Spassk,99,RU,1584987860,89,52.75,87.75,16.09,3.33
362,Yeniseysk,70,RU,1584987860,94,58.45,92.17,0.43,5.82
363,Mayo,90,US,1584987860,93,38.89,-76.51,46.99,11.41
364,Slave Lake,90,CA,1584987860,86,55.28,-114.77,26.6,9.17
365,Hithadhoo,50,MV,1584987568,72,-0.6,73.08,84.67,7.58
366,Mitú,86,CO,1584987601,79,1.2,-70.17,82.69,2.28
367,Sept-Îles,40,CA,1584987685,53,50.2,-66.38,27.0,11.41
368,Zalţan,72,LY,1584987860,78,32.95,11.87,60.37,13.76
369,Qeshm,0,IR,1584987860,56,26.96,56.27,69.8,9.17
370,Jumla,0,NP,1584987860,48,29.27,82.18,35.53,4.65
371,Inuvik,40,CA,1584987671,70,68.35,-133.72,-0.4,9.17
372,Boa Vista,40,BR,1584987795,36,2.82,-60.67,95.0,4.7
373,Manokwari,100,ID,1584987861,79,-0.87,134.08,74.41,3.69
374,Sault Ste. Marie,90,CA,1584987861,64,46.52,-84.33,37.4,4.7
375,São João do Piauí,100,BR,1584987861,62,-8.36,-42.25,87.19,3.8
376,Coahuayana Viejo,40,MX,1584987861,58,18.73,-103.68,82.4,11.41
377,Sioux Lookout,1,CA,1584987861,44,50.1,-91.92,39.2,17.22
378,Balaipungut,100,ID,1584987861,97,1.05,101.28,74.59,1.25
379,Verāval,19,IN,1584987861,39,20.9,70.37,78.01,7.83
380,Al Bardīyah,0,LY,1584987861,85,31.76,25.09,60.91,10.18
381,Vila,20,PT,1584987861,67,42.03,-8.16,66.99,9.17
382,Magadan,100,RU,1584987861,92,59.57,150.8,21.31,8.32
383,Praia,75,CV,1584987861,50,14.92,-23.51,77.0,20.8
384,Cabedelo,40,BR,1584987861,62,-6.98,-34.83,89.6,12.75
385,Havøysund,75,NO,1584987861,69,71.0,24.66,39.2,17.22
386,Kiryat Gat,75,IL,1584987861,49,31.61,34.76,69.8,3.36
387,Mar del Plata,0,AR,1584987861,37,-38.0,-57.56,84.2,13.87
388,Kamenka,100,RU,1584987862,84,51.32,42.77,24.01,8.99
389,Zastron,78,ZA,1584987862,36,-30.3,27.08,70.09,3.06
390,Vao,75,NC,1584987716,75,-22.67,167.48,75.49,17.29
391,Baft,45,IR,1584987862,55,29.23,56.61,39.31,10.2
392,Golden,40,US,1584987813,25,39.76,-105.22,55.0,4.7
393,Muros,20,ES,1584987862,81,42.78,-9.06,66.99,11.41
394,Jacareacanga,72,BR,1584987862,84,-6.22,-57.75,83.41,4.0
395,Skibbereen,75,IE,1584987862,87,51.55,-9.27,44.6,8.05
396,Nogliki,99,RU,1584987862,90,51.83,143.17,14.47,9.57
397,Pochutla,5,MX,1584987862,43,15.74,-96.47,91.99,8.48
398,Berlevåg,75,NO,1584987862,69,70.86,29.09,37.4,29.97
399,Quatre Cocos,75,MU,1584987862,94,-20.21,57.76,79.0,6.93
400,Nouakchott,1,MR,1584987862,64,18.09,-15.98,71.6,26.4
401,Hervey Bay,40,AU,1584987862,94,-25.3,152.85,73.99,6.93
402,Along,89,IN,1584987862,93,28.17,94.77,58.39,3.09
403,Erpeli,0,RU,1584987862,87,42.81,46.98,44.6,4.47
404,Narganá,83,PA,1584987863,77,9.44,-78.59,80.35,13.31
405,Todos Santos,5,MX,1584987863,23,23.45,-110.22,86.0,9.17
406,Itoman,75,JP,1584987863,72,26.12,127.67,68.0,9.17
407,Sharan,100,RU,1584987863,95,54.82,54.0,26.71,18.23
408,Monrovia,75,LR,1584987863,83,6.3,-10.8,80.6,6.93
409,Batī,16,ET,1584987863,88,11.18,40.02,66.31,2.01
410,Bariloche,75,AR,1584987863,51,-41.15,-71.31,62.6,24.16
411,Xining,0,CN,1584987863,49,36.62,101.77,38.23,5.26
412,Esperance,75,AU,1584987863,93,-33.87,121.9,59.0,6.93
413,Dunhua,0,CN,1584987863,65,43.37,128.24,23.65,4.43
414,Kutum,10,SD,1584987863,14,14.2,24.67,76.03,7.18
415,La Plata,0,AR,1584987622,35,-34.92,-57.95,91.0,6.93
416,Bilma,44,NE,1584987863,11,18.69,12.92,89.17,5.97
417,Hong Kong,20,HK,1584987655,83,22.29,114.16,75.0,17.22
418,Sitka,20,US,1584987863,28,57.05,-135.33,42.8,10.29
419,Port Montt,90,CL,1584987864,100,-41.47,-72.94,57.2,17.22
420,Panama City,40,PA,1584987864,52,8.99,-79.52,95.0,3.36
421,Namatanai,99,PG,1584987864,74,-3.67,152.43,82.69,4.07
422,Marawi,100,PH,1584987864,88,8.0,124.29,75.99,5.99
423,Songyuan,0,CN,1584987864,49,45.12,124.86,31.75,7.56
424,Dembī Dolo,2,ET,1584987864,32,8.53,34.8,77.11,2.8
425,Seymchan,12,RU,1584987864,100,62.88,152.43,1.33,1.77
426,Bonfim,19,BR,1584987864,33,3.08,-59.95,96.37,4.32
427,Yining,89,CN,1584987864,95,29.04,114.56,59.29,1.16
428,Östersund,100,SE,1584987864,44,63.18,14.64,39.2,17.22
429,Khovd,39,MN,1584987864,47,48.01,91.64,32.83,20.33
430,Santa Cruz,40,MA,1584987631,63,30.42,-9.6,64.4,12.75
431,Aklavik,75,CA,1584987864,70,68.22,-135.01,1.4,5.82
432,Warrington,78,GB,1584987864,57,53.39,-2.58,53.6,10.29
433,Thunder Bay,40,CA,1584987864,64,48.4,-89.32,41.0,13.87
434,Alofi,83,NU,1584987865,88,-19.06,-169.92,78.8,6.93
435,Cuamba,74,MZ,1584987865,97,-14.8,36.54,69.37,3.74
436,Talara,8,PE,1584987865,100,-4.58,-81.27,62.6,12.75
437,Passo de Camaragibe,20,BR,1584987865,70,-9.24,-35.49,87.8,11.41
438,Kantunilkín,40,MX,1584987865,58,21.09,-87.45,84.2,14.99
439,Sur,8,OM,1584987865,55,22.57,59.53,71.35,7.09
440,Lookan,11,PH,1584987865,80,5.04,120.1,80.89,2.48
441,Falmouth,20,GB,1584987865,81,50.15,-5.07,48.0,23.04
442,Hualmay,44,PE,1584987865,44,-11.1,-77.61,83.95,12.01
443,Badvel,31,IN,1584987865,66,14.75,79.05,77.83,4.27
444,Suez,83,EG,1584987591,52,29.97,32.53,65.95,19.62
445,Alekseyevka,87,RU,1584987865,62,50.63,38.69,27.97,9.48
446,Zenzeli,70,RU,1584987865,67,45.92,47.05,47.95,11.52
447,Eyemouth,98,GB,1584987865,87,55.87,-2.09,50.0,17.22
448,Karaton,20,ID,1584987866,88,-6.34,106.1,78.8,2.24
449,Fontanka,100,UA,1584987866,51,46.56,30.86,37.4,20.13
450,Putnok,93,HU,1584987866,56,48.3,20.43,31.39,16.51
451,Zheleznodorozhnyy,72,RU,1584987866,42,55.75,38.0,30.2,6.71
452,Batagay-Alyta,100,RU,1584987866,94,67.8,130.41,-5.15,3.83
453,Rawson,81,AR,1584987866,26,-43.3,-65.1,79.63,24.9
454,Bonthe,98,SL,1584987866,77,7.53,-12.51,80.71,7.36
455,Pontiac,90,US,1584987853,80,42.64,-83.29,41.0,9.17
456,Teguise,75,ES,1584987866,59,29.06,-13.56,66.2,19.46
457,Marau,0,BR,1584987866,34,-28.45,-52.2,86.83,1.63
458,Ternate,97,ID,1584987866,92,0.8,127.4,74.41,2.64
459,Kashgar,100,CN,1584987866,22,39.45,75.98,57.2,8.95
460,Bodden Town,20,KY,1584987843,74,19.28,-81.25,82.4,12.75
461,Mpongwe,100,ZM,1584987866,96,-13.51,28.16,65.77,4.5
462,Sal Rei,75,CV,1584987866,50,16.18,-22.92,75.2,16.11
463,Otradnoye,14,RU,1584987867,50,59.78,30.82,30.2,2.24
464,Tayoltita,26,MX,1584987867,13,24.08,-105.93,89.89,6.13
465,Bako,100,ET,1584987867,74,5.78,36.57,68.65,5.68
466,Kalmunai,1,LK,1584987867,69,7.42,81.82,82.69,8.05
467,Port Keats,71,AU,1584987867,75,-14.25,129.55,80.71,5.55
468,Strezhevoy,1,RU,1584987867,71,60.73,77.59,6.8,4.47
469,Katsuura,40,JP,1584987739,75,35.13,140.3,46.4,20.8
470,Tanout,43,NE,1584987867,11,14.97,8.89,88.45,1.54
471,Shizunai-furukawachō,3,JP,1584987867,73,42.33,142.37,25.27,4.59
472,Santa Isabel Rio Negro,56,BR,1584987867,49,-0.41,-65.02,92.41,4.59
473,Beidao,3,CN,1584987867,73,34.57,105.89,51.19,4.07
474,Morehead,75,US,1584987867,62,37.27,-87.18,57.0,4.7
475,Yerbogachën,100,RU,1584987867,92,61.28,108.01,3.13,12.55
476,Ţahţā,100,EG,1584987867,29,26.77,31.5,77.0,3.36
477,Margate,0,GB,1584987868,65,51.38,1.39,50.0,10.29
478,Praia da Vitória,75,PT,1584987868,59,38.73,-27.07,62.6,12.77
479,São Raimundo Nonato,70,BR,1584987868,58,-9.02,-42.7,88.27,5.32
480,Melfort,1,CA,1584987868,73,52.87,-104.62,24.8,18.34
481,Lagoa,100,PT,1584987868,74,39.05,-27.98,57.85,14.16
482,Kholm,0,RU,1584987868,42,59.27,32.85,27.07,3.13
483,Laramie,40,US,1584987868,30,41.31,-105.59,51.8,10.29
484,Narsaq,20,GL,1584987868,45,60.92,-46.05,24.8,4.7
485,Itārsi,11,IN,1584987868,24,22.62,77.75,80.53,4.23
486,Sisimiut,58,GL,1584987868,80,66.94,-53.67,6.37,6.78
487,Benguela,75,AO,1584987868,78,-12.58,13.41,82.4,6.93
488,Chara,99,RU,1584987868,72,56.91,118.26,18.79,2.01
489,Tagusao,9,PH,1584987868,91,9.19,117.81,74.95,2.37
490,Ranong,0,TH,1584987868,77,9.97,98.63,79.45,8.5
491,Ishigaki,96,JP,1584987868,80,24.34,124.16,71.71,12.88
492,Staszów,16,PL,1584987868,32,50.56,21.17,34.0,5.01
493,Vostok,22,RU,1584987775,92,46.49,135.88,12.85,3.6
494,Mbouda,43,CM,1584987869,57,5.63,10.26,76.03,4.07
495,Daru,100,PG,1584987869,93,-9.08,143.21,78.37,4.25
496,La Baule-Escoublac,10,FR,1584987869,87,47.29,-2.36,57.2,5.82
497,Hasaki,75,JP,1584987869,93,35.73,140.83,39.2,14.99
498,Gigmoto,56,PH,1584987869,81,13.78,124.39,80.89,15.21
499,Shelburne,90,CA,1584987869,99,44.08,-80.2,37.0,1.45
500,Wichita Falls,90,US,1584987869,77,33.91,-98.49,68.0,9.17
501,Dingle,10,PH,1584987869,86,11.0,122.67,74.23,9.13
502,Olinda,20,BR,1584987869,66,-8.01,-34.86,87.8,11.41
503,Sanmenxia,0,CN,1584987869,55,34.77,111.18,55.33,6.91
504,Farsund,100,NO,1584987869,68,58.09,6.8,41.0,10.0
505,Jaciara,27,BR,1584987869,65,-15.97,-54.97,87.91,0.78
506,Somerset West,83,ZA,1584987595,72,-34.08,18.82,68.0,14.99
507,Derzhavīnsk,10,KZ,1584987869,95,51.1,66.32,13.21,8.75
508,North Platte,1,US,1584987869,61,41.12,-100.77,53.01,5.82
509,‘Ewa Beach,90,US,1584987870,100,21.32,-158.01,71.6,3.36
510,Dongsheng,90,CN,1584987870,79,39.82,109.98,44.35,9.91
511,Azanka,32,RU,1584987870,86,58.04,64.79,18.79,4.61
512,Oranjemund,21,NA,1584987870,84,-28.55,16.43,62.53,11.16
513,Zubtsov,66,RU,1584987870,57,56.18,34.59,26.17,5.82
514,Akşehir,86,TR,1584987870,59,38.36,31.42,51.37,3.6
515,Chenzhou,46,CN,1584987870,94,25.8,113.03,65.77,2.51
516,Bowen,40,AU,1584987870,94,-20.02,148.23,79.0,8.05
517,Wakkanai,100,JP,1584987870,73,45.41,141.67,33.19,20.51
518,Sampit,78,ID,1584987870,95,-2.53,112.95,73.51,0.13
519,Dinar,75,TR,1584987870,71,38.06,30.17,51.8,6.93
520,Cururupu,18,BR,1584987870,46,-1.83,-44.87,92.05,6.58
521,Grindavik,90,IS,1584987870,93,63.84,-22.43,37.4,44.96
522,Gondanglegi,100,ID,1584987870,91,-7.75,112.01,74.05,1.45
523,Nushki,1,PK,1584987870,59,29.55,66.02,65.59,13.96
524,Takaungu,40,KE,1584987870,79,-3.68,39.86,84.2,6.93
525,Portland,90,US,1584987870,87,45.52,-122.68,46.99,8.05
526,Henties Bay,30,NA,1584987830,89,-22.12,14.28,63.0,5.01
527,Kāndri,40,IN,1584987871,42,21.42,79.27,80.6,2.24
528,Narón,75,ES,1584987871,81,43.52,-8.15,53.01,10.29
529,Port-Cartier,40,CA,1584987871,53,50.03,-66.87,27.0,11.41
530,Okato,59,NZ,1584987871,71,-39.2,173.88,52.0,8.01
531,San Luis,0,AR,1584987871,22,-33.3,-66.34,93.31,22.53
532,Kudeyevskiy,90,RU,1584987871,100,54.88,56.76,28.4,8.95
533,Parede,20,PT,1584987871,72,38.69,-9.35,64.0,14.99
534,Puerto Maldonado,40,PE,1584987871,100,-12.6,-69.18,33.8,5.82
535,Mortka,1,RU,1584987871,89,59.33,66.02,16.81,6.58
536,Presidente Médici,41,BR,1584987871,66,-11.18,-61.9,87.55,3.27
537,Padang,90,ID,1584987871,92,-0.95,100.35,68.65,3.67
538,San Lorenzo,20,PY,1584987871,26,-25.33,-57.53,96.8,11.41
539,Husavik,20,IS,1584987871,55,66.04,-17.34,39.2,33.33
540,Batouri,59,CM,1584987871,44,4.43,14.37,84.31,4.56
541,Beringovskiy,100,RU,1584987871,93,63.05,179.32,30.31,10.6
542,Noumea,100,NC,1584987604,88,-22.28,166.46,66.2,1.12
543,Austin,90,US,1584987859,78,30.27,-97.74,77.0,9.17
544,Rio Claro,75,BR,1584987872,51,-22.41,-47.56,80.6,8.05
545,Dalvik,20,IS,1584987872,55,65.97,-18.53,39.2,33.33
546,Arlit,3,NE,1584987872,11,18.74,7.39,92.05,8.01
547,Chicama,7,PE,1584987830,78,-7.84,-79.15,75.2,9.17
548,Shubarshi,10,KZ,1584987872,62,48.59,57.19,38.05,12.08
549,Hirara,71,JP,1584987872,78,24.8,125.28,70.99,14.36
550,Vangaindrano,33,MG,1584987872,87,-23.35,47.6,70.09,0.78
551,La Rioja,0,AR,1584987873,40,-29.41,-66.85,78.91,7.63
552,Seddon,75,AU,1584987873,87,-37.81,144.89,55.99,5.97
553,Price,75,US,1584987873,52,39.6,-110.81,46.0,3.36
554,Alamosa,1,US,1584987873,9,37.47,-105.87,57.2,27.51
555,Tual,100,ID,1584987873,78,-5.67,132.75,79.63,3.6
556,Florida,1,US,1584987873,54,28.75,-82.5,88.0,10.29
557,Nemuro,19,JP,1584987873,77,43.32,145.57,28.87,10.49
558,Agadez,59,NE,1584987673,16,19.75,10.25,87.55,2.91
